"RouteID","StationId","EstimateTime","Memo"
"113","4002","17",""
"113","4003","18",""
"113","4004","19",""
"113","4005","20",""
"113","4006","21",""
"113","4007","23",""
"113","4008","23",""
"113","4009","24",""
"113","4010","25",""
"113","4011","26",""
"113","4012","26",""
"113","4013","29",""
"113","4014","29",""
"113","4015","29",""
"113","4016","30",""
"113","4017","30",""
"113","4018","31",""
"113","4019","32",""
"113","4020","33",""
"113","4021","33",""
"113","4022","35",""
"113","4023","36",""
"113","4024","37",""
"113","4025","37",""
"113","4026","38",""
"113","4027","39",""
"113","4028","39",""
"113","4029","41",""
"113","4030","42",""
"113","4031","42",""
"113","38997","44",""
"113","4032","44",""
"113","4033","45",""
"113","4034","46",""
"113","4035","47",""
"113","4036","49",""
"113","4037","51",""
"113","4038","54",""
"113","4039","54",""
"113","4040","55",""
"113","4041","57",""
"113","4042","57",""
"113","4043","1",""
"113","4044","2",""
"113","4045","2",""
"113","4046","4",""
"113","4047","9",""
"113","39650","9",""
"113","4048","10",""
"113","4049","12",""
"113","4050","13",""
"113","4051","15",""
"113","4052","16",""
"113","4053","16",""
"113","4054","20",""
"113","4055","22",""
"113","4082","26",""
"113","4083","28",""
"113","4084","28",""
"113","4085","31",""
"113","4086","33",""
"113","4087","34",""
"113","4088","35",""
"113","4089","37",""
"113","4090","39",""
"113","4091","40",""
"113","4092","42",""
"113","4093","43",""
"113","4094","44",""
"113","4095","45",""
"113","4096","45",""
"113","4097","46",""
"113","4098","47",""
"113","4099","50",""
"113","4100","51",""
"113","4101","52",""
"113","4102","53",""
"113","4103","54",""
"113","4104","55",""
"113","38998","56",""
"113","4106","57",""
"113","4107","59",""
"113","4108","59",""
"113","4109","60",""
"113","4110","62",""
"113","4111","63",""
"113","4112","63",""
"113","4113","63",""
"113","4114","64",""
"113","4115","65",""
"113","4116","65",""
"113","4117","66",""
"113","4118","66",""
"113","4119","68",""
"113","4120","69",""
"113","4121","69",""
"113","4122","70",""
"113","4124","1",""
"113","4125","2",""
"113","4126","3",""
"113","4127","5",""
"113","4128","6",""
"113","4129","7",""
"113","4130","9",""
"113","4131","11",""
"113","4132","12",""
"113","4133","17",""
"113","4134","18",""
"113","4135","19",""
"113","43135","20",""
"131","42274","17",""
"131","0372","20",""
"131","0373","20",""
"131","0374","21",""
"131","0375","22",""
"131","0376","24",""
"131","0377","26",""
"131","0378","28",""
"131","0379","30",""
"131","0380","31",""
"131","0381","33",""
"131","0382","34",""
"131","0383","35",""
"131","0384","37",""
"131","0385","38",""
"131","0386","40",""
"131","0387","41",""
"131","0388","42",""
"131","42275","43",""
"131","0389","44",""
"131","0390","44",""
"131","0391","46",""
"131","0392","47",""
"131","0393","48",""
"131","0394","48",""
"131","0395","49",""
"131","41313","50",""
"131","0396","51",""
"131","41314","52",""
"131","0397","54",""
"131","0398","55",""
"131","0399","56",""
"131","0400","57",""
"131","0401","58",""
"131","0402","58",""
"131","0403","59",""
"131","42276","59",""
"131","0404","60",""
"131","0405","61",""
"131","0406","62",""
"131","0407","62",""
"131","0408","64",""
"131","0409","67",""
"131","0410","67",""
"131","0411","68",""
"131","0412","72",""
"131","0413","73",""
"131","0414","73",""
"131","0415","75",""
"131","0416","77",""
"131","0417","78",""
"131","0418","80",""
"131","0419","81",""
"131","0420","82",""
"141","0289","-1","未發車"
"141","6602","-1","未發車"
"141","6603","-1","未發車"
"141","6604","-1","未發車"
"141","6605","-1","未發車"
"141","6606","-1","未發車"
"141","0017","-1","未發車"
"141","6607","-1","未發車"
"141","6608","-1","未發車"
"141","6609","-1","未發車"
"141","6610","-1","未發車"
"141","6611","-1","未發車"
"141","6612","-1","未發車"
"141","6613","-1","未發車"
"141","6614","-1","未發車"
"141","6615","-1","未發車"
"141","6616","-1","未發車"
"141","6617","-1","未發車"
"141","6618","-1","未發車"
"141","6619","-1","未發車"
"141","6620","-1","未發車"
"141","6621","-1","未發車"
"141","6622","2",""
"141","6626","4",""
"141","6627","5",""
"141","6628","6",""
"141","6629","7",""
"141","6630","8",""
"141","6631","11",""
"141","6632","11",""
"141","6633","12",""
"141","6634","13",""
"141","6635","13",""
"141","6636","13",""
"141","6637","14",""
"141","6639","16",""
"141","0018","18",""
"141","6640","18",""
"141","6641","19",""
"141","6642","20",""
"141","6643","20",""
"141","6644","21",""
"141","6645","25",""
"141","6646","25",""
"141","6647","26",""
"141","6648","29",""
"141","6649","29",""
"141","6650","30",""
"141","6651","30",""
"141","6652","31",""
"1112","10201","16",""
"1112","10202","17",""
"1112","10203","18",""
"1112","10204","19",""
"1112","10205","19",""
"1112","10206","20",""
"1112","10207","20",""
"1112","10208","21",""
"1112","10209","21",""
"1112","10210","21",""
"1112","10211","22",""
"1112","10212","23",""
"1112","10213","23",""
"1112","10214","24",""
"1112","10215","26",""
"1112","10216","27",""
"1112","10217","28",""
"1112","10218","1",""
"1112","10219","3",""
"1112","10220","4",""
"1112","10221","5",""
"1112","10222","6",""
"1112","10223","7",""
"1112","10224","9",""
"1112","10226","10",""
"1112","10225","12",""
"1112","10227","14",""
"1112","10228","15",""
"1112","10229","15",""
"1112","10230","18",""
"1112","10231","19",""
"1112","10232","21",""
"1112","10233","23",""
"1112","10234","25",""
"1112","10235","26",""
"1112","10236","28",""
"1112","10237","28",""
"1112","10238","29",""
"1112","10239","29",""
"1112","10240","29",""
"1112","10241","29",""
"1112","10242","2",""
"1112","10243","2",""
"1112","10244","2",""
"1112","10245","3",""
"1112","40122","4",""
"1112","10247","4",""
"1112","10248","6",""
"211","1422","-1","未發車"
"211","1423","3",""
"211","1424","4",""
"211","1425","6",""
"211","1426","7",""
"211","1427","7",""
"211","1428","9",""
"211","1429","11",""
"211","1430","11",""
"211","1431","12",""
"211","1432","13",""
"211","1433","14",""
"211","1434","14",""
"211","1435","16",""
"211","1436","17",""
"211","1437","18",""
"211","1438","20",""
"211","1439","22",""
"211","1440","23",""
"211","1442","24",""
"211","1443","25",""
"211","1444","26",""
"211","1445","28",""
"211","1446","1",""
"211","1447","2",""
"211","1448","3",""
"211","1449","4",""
"211","1450","5",""
"211","1451","6",""
"211","1452","8",""
"211","1453","10",""
"211","1454","11",""
"211","1455","11",""
"211","1456","14",""
"211","1457","15",""
"211","1458","15",""
"211","1459","16",""
"211","1460","16",""
"211","1461","17",""
"211","1462","18",""
"211","1463","19",""
"211","1464","22",""
"211","1465","22",""
"211","1466","24",""
"211","1467","26",""
"211","1468","2",""
"211","1469","3",""
"211","1470","4",""
"211","1471","7",""
"211","1472","9",""
"211","1473","10",""
"211","1474","10",""
"211","1475","12",""
"211","1476","14",""
"211","1477","15",""
"211","1478","20",""
"211","1479","23",""
"211","1480","25",""
"211","50575","33",""
"211","50574","35",""
"211","1483","2",""
"211","1484","3",""
"211","1485","4",""
"211","1486","2",""
"211","1487","3",""
"211","1488","5",""
"211","1489","6",""
"211","1490","8",""
"211","1491","9",""
"211","1492","11",""
"211","1493","12",""
"211","1494","12",""
"211","1495","13",""
"211","1496","15",""
"211","1497","16",""
"211","1498","16",""
"211","1499","17",""
"211","1500","17",""
"211","1501","18",""
"211","1502","19",""
"211","39067","20",""
"211","1503","21",""
"211","1504","22",""
"211","1505","23",""
"211","1506","25",""
"211","1507","27",""
"211","1508","28",""
"211","1509","30",""
"211","1510","31",""
"211","1511","33",""
"211","1512","34",""
"211","1513","34",""
"211","1514","36",""
"211","1515","37",""
"211","1516","38",""
"211","1517","39",""
"211","1518","40",""
"211","1519","41",""
"211","1520","1",""
"211","1521","3",""
"211","1522","4",""
"211","1523","5",""
"211","1524","6",""
"211","1525","8",""
"211","1526","8",""
"211","1527","9",""
"211","1528","10",""
"211","1529","11",""
"211","1530","11",""
"211","1531","12",""
"211","1532","14",""
"211","1533","15",""
"211","1534","16",""
"211","1535","17",""
"211","1537","20",""
"211","1538","21",""
"5312","7451","-1","未發車"
"5312","7452","-1","未發車"
"5312","7453","-1","未發車"
"5312","7454","-1","未發車"
"5312","7455","-1","未發車"
"5312","7456","-1","未發車"
"5312","7457","-1","未發車"
"5312","7458","-1","未發車"
"5312","7459","-1","未發車"
"5312","7460","1",""
"5312","7461","1",""
"5312","7462","2",""
"5312","7463","4",""
"5312","7464","6",""
"5312","7465","7",""
"5312","7466","8",""
"5312","7467","8",""
"5312","7468","10",""
"5312","7469","12",""
"5312","7470","13",""
"5312","7471","15",""
"5312","7472","16",""
"5312","7473","18",""
"5312","7474","19",""
"5312","7475","1",""
"5312","7476","4",""
"5312","7477","7",""
"5312","7478","8",""
"5312","7479","8",""
"5312","7480","10",""
"5312","7481","11",""
"5312","7482","12",""
"5312","7483","13",""
"5312","7484","1",""
"5312","7485","2",""
"5312","7486","2",""
"5312","7487","2",""
"5230","2205","29",""
"5230","2206","30",""
"5230","2207","32",""
"5230","2208","33",""
"5230","2209","33",""
"5230","2210","34",""
"5230","2211","34",""
"5230","2212","35",""
"5230","2213","36",""
"5230","2214","37",""
"5230","2215","38",""
"5230","2216","39",""
"5230","2217","39",""
"5230","2218","2",""
"5230","2219","3",""
"5230","2220","4",""
"5230","2221","5",""
"5230","40511","7",""
"5230","2222","7",""
"5230","2223","8",""
"5230","42389","9",""
"5230","2224","10",""
"5230","2225","10",""
"5230","2226","13",""
"5230","2227","15",""
"5230","3486","15",""
"226","10661","-1","未發車"
"226","10662","-1","未發車"
"226","10663","-1","未發車"
"226","10664","-1","未發車"
"226","10665","-1","未發車"
"226","10666","-1","未發車"
"226","10667","-1","未發車"
"226","10668","-1","未發車"
"226","10669","3",""
"226","10670","4",""
"226","10671","5",""
"226","10672","6",""
"226","10673","7",""
"226","10674","9",""
"226","10675","11",""
"226","10676","13",""
"226","10677","14",""
"226","41368","2",""
"226","41370","7",""
"226","10678","10",""
"226","10679","11",""
"226","10680","12",""
"226","10681","12",""
"226","10682","13",""
"226","10683","13",""
"226","10684","14",""
"226","10685","15",""
"226","10686","15",""
"226","10687","15",""
"226","10688","16",""
"226","10689","17",""
"226","10690","17",""
"226","10691","1",""
"226","10692","1",""
"226","10693","2",""
"226","10694","2",""
"226","10695","3",""
"226","10696","4",""
"226","10697","5",""
"226","10698","8",""
"226","10699","10",""
"226","10700","12",""
"226","10701","12",""
"226","10702","12",""
"226","10703","13",""
"226","10704","13",""
"226","10705","14",""
"226","10706","15",""
"226","10707","15",""
"226","10708","16",""
"226","10709","16",""
"226","10710","17",""
"226","10711","17",""
"226","10712","18",""
"226","10713","18",""
"226","10714","19",""
"226","10715","20",""
"226","10716","21",""
"226","41371","26",""
"226","41369","30",""
"226","10717","37",""
"226","10718","38",""
"226","10719","39",""
"226","10720","41",""
"226","10721","43",""
"226","10722","44",""
"226","10723","45",""
"226","10724","46",""
"226","10725","49",""
"226","10726","50",""
"226","10727","51",""
"226","10728","52",""
"226","10729","53",""
"226","10730","55",""
"226","10731","57",""
"226","10732","57",""
"190","14871","27",""
"190","14872","3",""
"190","14873","6",""
"190","14874","8",""
"190","14875","10",""
"190","14876","11",""
"190","14877","12",""
"190","14878","13",""
"190","14879","14",""
"190","14880","15",""
"190","14881","15",""
"190","14882","16",""
"190","14883","16",""
"190","4553","17",""
"190","14884","17",""
"190","14885","18",""
"190","14886","18",""
"190","14887","19",""
"190","14888","20",""
"190","14889","20",""
"190","14890","21",""
"190","14891","21",""
"190","14892","22",""
"190","14893","22",""
"190","14894","23",""
"190","14895","24",""
"190","14896","25",""
"190","14897","26",""
"190","14898","26",""
"190","14899","27",""
"190","14900","28",""
"190","1549","29",""
"190","14901","29",""
"190","14902","30",""
"190","14903","32",""
"190","14904","32",""
"190","14905","33",""
"190","14906","33",""
"190","14907","34",""
"190","14908","34",""
"190","1550","35",""
"190","14909","35",""
"190","14910","36",""
"190","14911","1",""
"190","14912","2",""
"190","14913","2",""
"190","14914","2",""
"190","14915","3",""
"190","14916","4",""
"190","14917","4",""
"190","14918","5",""
"190","14919","6",""
"190","14920","7",""
"190","14921","8",""
"190","14922","9",""
"190","14923","10",""
"190","14924","12",""
"190","14925","13",""
"190","0015","13",""
"190","14926","14",""
"190","14927","15",""
"190","14928","15",""
"190","14929","16",""
"190","14930","16",""
"190","14931","26",""
"190","14932","28",""
"190","14933","2",""
"190","14934","2",""
"190","14935","3",""
"190","14936","3",""
"190","0016","4",""
"190","14937","5",""
"190","14938","6",""
"190","14939","7",""
"190","14940","8",""
"190","14941","9",""
"190","14942","10",""
"190","14943","11",""
"190","14944","12",""
"190","14945","13",""
"190","14946","13",""
"190","14947","14",""
"190","14948","15",""
"190","14949","15",""
"190","14950","16",""
"190","14951","16",""
"190","14952","17",""
"190","1551","17",""
"190","14953","17",""
"190","14954","18",""
"190","14955","18",""
"190","14956","19",""
"190","14957","19",""
"190","14958","19",""
"190","14959","22",""
"190","14960","23",""
"190","1552","24",""
"190","14961","25",""
"190","14962","28",""
"190","14963","28",""
"190","14964","29",""
"190","14965","29",""
"190","14966","30",""
"190","14967","31",""
"190","14968","31",""
"190","14969","32",""
"190","14970","33",""
"190","14971","33",""
"190","14972","34",""
"190","14973","34",""
"190","14974","35",""
"190","14975","35",""
"190","14976","36",""
"190","14977","36",""
"190","4554","37",""
"190","14978","37",""
"190","14979","37",""
"190","14980","38",""
"190","14981","40",""
"190","14982","40",""
"190","14983","41",""
"190","14984","42",""
"190","14985","42",""
"190","14986","42",""
"190","14987","45",""
"190","14988","48",""
"190","14990","49",""
"190","41257","50",""
"5243","16431","57",""
"5243","16432","58",""
"5243","16433","62",""
"5243","16434","62",""
"5243","16435","63",""
"5243","16436","63",""
"5243","16437","64",""
"5243","16438","65",""
"5243","16439","65",""
"5243","16440","66",""
"5243","16441","67",""
"5243","16442","67",""
"5243","16443","68",""
"5243","16444","71",""
"5243","16445","72",""
"5243","16446","73",""
"5243","16447","74",""
"5243","2178","75",""
"5243","42329","1",""
"5243","2179","1",""
"5243","16448","2",""
"5243","16449","2",""
"5243","16450","3",""
"5243","16451","3",""
"5243","16452","3",""
"5243","16453","4",""
"5243","41292","4",""
"5243","16454","5",""
"5243","16455","5",""
"5243","16456","6",""
"5243","16457","7",""
"5243","16458","8",""
"5243","16459","8",""
"5243","16460","9",""
"5243","39467","10",""
"5243","16461","11",""
"5243","16462","11",""
"5243","16463","12",""
"5243","16464","13",""
"5243","16465","12",""
"5243","16466","12",""
"5243","16467","13",""
"5243","39468","13",""
"5243","16468","14",""
"5243","16469","16",""
"5243","16470","16",""
"5243","16471","16",""
"5243","16472","18",""
"5243","16473","19",""
"5243","16474","20",""
"5243","41293","20",""
"5243","16475","21",""
"5243","16476","21",""
"5243","16477","21",""
"5243","16478","22",""
"5243","16479","23",""
"5243","16480","23",""
"5243","2242","25",""
"5243","42330","26",""
"5243","2243","27",""
"5243","16481","28",""
"5243","16482","29",""
"5243","16483","30",""
"5243","16484","31",""
"5243","16485","32",""
"5243","16486","33",""
"5243","16487","33",""
"5243","16488","34",""
"5243","16489","35",""
"5243","16490","36",""
"5243","16491","37",""
"5243","16492","37",""
"5243","16493","38",""
"5243","16494","38",""
"5243","16495","39",""
"5243","16496","40",""
"5243","16497","42",""
"5243","16498","43",""
"5239","15791","152",""
"5239","15792","153",""
"5239","15793","158",""
"5239","0047","159",""
"5239","15794","159",""
"5239","15795","160",""
"5239","15796","161",""
"5239","15797","162",""
"5239","15798","162",""
"5239","0048","163",""
"5239","15799","163",""
"5239","15800","165",""
"5239","15801","165",""
"5239","15802","167",""
"5239","15803","167",""
"5239","15804","167",""
"5239","15805","169",""
"5239","42600","169",""
"5239","15806","170",""
"5239","15807","172",""
"5239","15808","172",""
"5239","15809","173",""
"5239","15810","173",""
"5239","15811","174",""
"5239","15812","175",""
"5239","15813","175",""
"5239","1936","176",""
"5239","15814","176",""
"5239","15815","177",""
"5239","15816","177",""
"5239","15817","178",""
"5239","15818","178",""
"5239","15819","180",""
"5239","15820","180",""
"5239","15821","181",""
"5239","15822","181",""
"5239","15823","182",""
"5239","15824","183",""
"5239","15825","183",""
"5239","15826","185",""
"5239","15827","187",""
"5239","15828","188",""
"5239","15829","189",""
"5239","15830","190",""
"5239","15831","190",""
"5239","15832","191",""
"5239","15833","191",""
"5239","15834","194",""
"5239","15835","195",""
"5239","15836","196",""
"5239","15837","196",""
"5239","15838","197",""
"5239","1937","197",""
"5239","15839","198",""
"5239","15840","199",""
"5239","15841","200",""
"5239","15842","200",""
"5239","15843","201",""
"5239","15844","202",""
"5239","15845","203",""
"5239","15846","204",""
"5239","15847","205",""
"5239","15848","206",""
"5239","15849","207",""
"5239","15850","208",""
"5239","15851","210",""
"5239","15852","211",""
"5239","15853","212",""
"5239","0049","213",""
"5239","15854","214",""
"5239","15855","214",""
"5239","15856","216",""
"5239","15857","217",""
"5239","15858","218",""
"5239","0050","219",""
"5239","15859","219",""
"5239","15860","223",""
"5239","15861","224",""
"5239","15862","226",""
"8029","26101","28",""
"8029","26102","28",""
"8029","26103","30",""
"8029","26104","31",""
"8029","26105","33",""
"8029","26106","35",""
"8029","26107","37",""
"8029","26108","38",""
"8029","26109","39",""
"8029","26110","40",""
"8029","26111","42",""
"8031","26171","76",""
"8031","26172","77",""
"8031","26173","77",""
"8031","26174","78",""
"8031","26175","78",""
"8031","26176","79",""
"8031","26177","79",""
"8031","26178","80",""
"8031","26179","80",""
"8031","26180","81",""
"8031","26181","81",""
"8031","26184","82",""
"8031","26183","82",""
"8031","26185","83",""
"8031","26187","83",""
"8031","26190","84",""
"8031","26191","84",""
"8031","26192","85",""
"8031","26193","85",""
"8031","26194","86",""
"8031","26195","86",""
"8031","26196","87",""
"8031","26197","87",""
"8031","26198","88",""
"8031","26199","88",""
"8031","26200","89",""
"8031","26201","89",""
"8031","26202","90",""
"8031","26203","90",""
"2035","27511","17",""
"2035","27512","19",""
"2035","27513","23",""
"2035","27514","26",""
"2035","27515","33",""
"2035","27516","37",""
"5229","3971","12",""
"5229","3972","12",""
"5229","3973","13",""
"5229","3974","13",""
"5229","3975","15",""
"5229","3976","20",""
"5229","3977","20",""
"5229","3978","21",""
"5229","3979","24",""
"1040","29781","72",""
"1040","29782","73",""
"1040","29783","73",""
"1040","29784","74",""
"1040","29785","74",""
"1040","29786","75",""
"1040","29787","75",""
"1075","32022","7",""
"1075","32023","11",""
"1075","32024","14",""
"1075","32025","16",""
"1075","32026","18",""
"1075","32027","19",""
"1075","32028","20",""
"1075","32029","20",""
"1075","32030","21",""
"1075","32031","24",""
"1075","32032","24",""
"1075","32033","25",""
"1075","32034","25",""
"1075","32035","26",""
"1075","32036","27",""
"1075","32037","27",""
"1075","32038","30",""
"1075","32039","33",""
"1075","32040","36",""
"1075","32041","37",""
"1075","41054","37",""
"1075","41053","38",""
"1075","32042","42",""
"1075","41055","42",""
"1075","32043","43",""
"1075","32044","46",""
"1075","32045","48",""
"1075","32046","50",""
"1075","32047","51",""
"1075","32048","53",""
"1075","32049","54",""
"1075","32050","54",""
"1075","32051","56",""
"1075","32052","56",""
"1075","32053","57",""
"1075","32054","59",""
"1075","32055","59",""
"1075","32056","60",""
"1075","41684","60",""
"1075","41685","61",""
"1075","41686","62",""
"1075","32059","66",""
"1075","32060","68",""
"1075","32061","70",""
"1075","32062","70",""
"1075","32063","70",""
"1075","32064","70",""
"1075","32065","71",""
"1075","32066","74",""
"1075","32067","78",""
"1075","32068","79",""
"1075","32069","79",""
"1075","32070","80",""
"1075","32071","82",""
"1075","32072","84",""
"1075","32073","88",""
"1075","32074","90",""
"1075","32075","92",""
"5623","7151","17",""
"5623","7152","20",""
"5623","7153","20",""
"5623","7154","21",""
"5623","7155","22",""
"5623","7156","23",""
"5623","40734","23",""
"5623","7157","27",""
"5623","7158","28",""
"5623","7159","30",""
"5623","7160","32",""
"5623","7161","34",""
"5623","42196","34",""
"5623","7162","40",""
"5623","7163","42",""
"5623","42685","41",""
"5623","7164","45",""
"5623","7165","46",""
"5623","7166","50",""
"5623","7167","2",""
"5623","7168","3",""
"5623","7169","3",""
"5623","41254","5",""
"5623","7170","10",""
"5623","7171","10",""
"5623","7172","10",""
"5623","7173","12",""
"5623","7174","15",""
"5623","43168","-1","未發車"
"2008","22641","26",""
"2008","22642","27",""
"2008","22643","27",""
"2008","22644","29",""
"2008","22645","30",""
"2008","22646","32",""
"2008","22647","32",""
"2008","22648","33",""
"2008","22649","34",""
"2008","22650","35",""
"2008","22651","35",""
"2008","22652","35",""
"2008","22653","36",""
"2008","22654","38",""
"2008","22655","38",""
"2008","22656","39",""
"2008","22657","40",""
"2008","22658","40",""
"2008","22659","41",""
"2008","22660","42",""
"2008","22661","43",""
"2008","22662","43",""
"2008","22663","44",""
"2008","22664","44",""
"2008","22665","45",""
"2008","22666","45",""
"2008","22667","46",""
"2008","22668","47",""
"2008","22669","47",""
"2008","22670","48",""
"2008","22671","49",""
"2008","22672","50",""
"2008","22673","51",""
"2008","22674","52",""
"2008","22675","53",""
"2008","22676","53",""
"2008","22677","54",""
"2008","22678","56",""
"2008","22679","56",""
"2008","22680","57",""
"2008","22681","58",""
"2008","22682","59",""
"2008","22683","60",""
"2008","22684","60",""
"2008","22685","60",""
"2008","22686","61",""
"2008","22687","62",""
"2008","22688","63",""
"2008","22689","63",""
"2008","22690","63",""
"2008","22691","65",""
"2008","22692","65",""
"2008","22693","65",""
"9014","27821","7",""
"9014","27822","7",""
"9014","27823","7",""
"9014","27824","9",""
"9014","27825","10",""
"9014","27826","11",""
"9014","27827","13",""
"9014","27828","14",""
"9014","27829","19",""
"9014","27830","21",""
"9014","27831","23",""
"9014","27832","23",""
"9014","27833","24",""
"9014","27834","25",""
"9014","27835","26",""
"9014","27836","27",""
"9014","27837","27",""
"9014","27838","28",""
"9014","27839","29",""
"9014","27840","29",""
"9014","27841","30",""
"9014","27842","31",""
"9020","28011","27",""
"9020","28012","30",""
"9020","28013","32",""
"9020","28014","34",""
"9020","28015","34",""
"9020","28016","36",""
"9020","28017","42",""
"9020","28018","42",""
"9020","28019","47",""
"9020","28020","47",""
"9020","28021","50",""
"9020","28022","52",""
"9020","28023","53",""
"9020","28024","54",""
"9020","28025","55",""
"9020","28026","56",""
"9020","28027","56",""
"9020","28028","59",""
"9020","28029","60",""
"6014","27231","76",""
"6014","27232","77",""
"6014","27233","79",""
"6014","27234","80",""
"6014","27235","81",""
"6014","27236","83",""
"6014","27237","85",""
"6014","27238","87",""
"6014","27239","88",""
"803","11954","23",""
"803","11955","23",""
"803","11956","23",""
"803","11957","23",""
"803","11958","24",""
"803","11959","25",""
"803","1153","25",""
"803","11960","26",""
"803","11961","27",""
"803","11962","28",""
"803","11963","29",""
"803","11964","1",""
"803","11965","2",""
"803","11966","3",""
"803","11967","5",""
"803","11968","7",""
"803","11969","8",""
"803","11970","9",""
"803","11971","10",""
"803","11972","11",""
"803","11973","12",""
"803","11974","14",""
"803","11975","14",""
"803","11976","15",""
"803","11977","16",""
"803","11978","17",""
"803","11979","19",""
"803","11980","20",""
"803","11981","21",""
"803","11982","22",""
"803","11983","22",""
"803","11984","23",""
"803","11985","24",""
"803","11986","25",""
"803","11987","26",""
"803","11988","28",""
"803","11989","30",""
"803","11990","31",""
"803","11991","3",""
"803","11992","4",""
"803","11993","4",""
"803","11921","-1","未發車"
"803","11922","-1","未發車"
"803","11923","-1","未發車"
"803","11924","-1","未發車"
"803","11925","-1","未發車"
"803","11926","-1","未發車"
"803","11927","-1","未發車"
"803","11928","-1","未發車"
"803","11929","-1","未發車"
"803","11930","-1","未發車"
"803","11931","-1","未發車"
"803","11932","-1","未發車"
"803","11933","-1","未發車"
"803","11934","-1","未發車"
"803","11935","-1","未發車"
"803","11936","-1","未發車"
"803","11937","-1","未發車"
"803","11938","2",""
"803","11939","3",""
"803","11940","4",""
"803","11941","5",""
"803","11942","7",""
"803","11943","8",""
"803","11944","9",""
"803","11945","10",""
"803","11946","11",""
"803","11947","12",""
"803","11948","13",""
"803","11949","15",""
"803","11950","15",""
"803","11951","16",""
"803","11952","18",""
"803","11953","23",""
"5663","21555","77",""
"5663","21556","77",""
"5663","21557","1",""
"5663","21558","3",""
"5663","21559","4",""
"5663","21560","4",""
"5663","21561","4",""
"5663","21562","5",""
"5663","21563","5",""
"5663","21564","8",""
"5663","21565","9",""
"5663","21566","14",""
"5663","21567","15",""
"5663","21568","15",""
"5663","21569","16",""
"5663","21570","20",""
"5663","21571","20",""
"5663","21572","20",""
"5663","21573","22",""
"5663","21574","23",""
"5663","21578","25",""
"5663","21579","26",""
"5663","21580","27",""
"5663","21581","28",""
"5663","21582","28",""
"5663","21583","30",""
"5663","21584","30",""
"5663","21585","30",""
"5663","21586","31",""
"5663","21587","32",""
"5663","21588","33",""
"5663","21589","34",""
"5663","21590","35",""
"5663","21591","36",""
"5663","21592","37",""
"5663","21593","39",""
"5663","21594","39",""
"5663","21595","42",""
"5663","40541","42",""
"5663","21596","44",""
"5663","21597","45",""
"5663","21598","45",""
"5663","21599","46",""
"5663","21600","46",""
"5663","21601","47",""
"5663","21602","48",""
"5663","21603","49",""
"5663","21604","49",""
"5663","21605","53",""
"5663","21606","57",""
"5663","21607","58",""
"5663","21608","60",""
"5663","21609","62",""
"5663","21610","63",""
"5663","21611","64",""
"5663","21612","66",""
"5663","21613","67",""
"5663","21614","68",""
"5663","21615","70",""
"5663","21616","72",""
"5663","21617","72",""
"5663","21494","131",""
"5663","21495","131",""
"5663","21496","133",""
"5663","21497","136",""
"5663","21498","138",""
"5663","21499","140",""
"5663","21500","140",""
"5663","21501","147",""
"5663","21502","148",""
"5663","21503","152",""
"5663","21504","154",""
"5663","21505","155",""
"5663","21506","155",""
"5663","21507","156",""
"5663","21508","156",""
"5663","21509","157",""
"5663","21510","157",""
"5663","21511","158",""
"5663","40540","158",""
"5663","21512","159",""
"5663","21513","159",""
"5663","21514","161",""
"5663","21515","161",""
"5663","21516","162",""
"5663","21517","163",""
"5663","21518","164",""
"5663","21519","165",""
"5663","21520","165",""
"5663","21521","166",""
"5663","21522","167",""
"5663","21523","168",""
"5663","21524","168",""
"5663","21525","170",""
"5663","21526","171",""
"5663","21527","173",""
"5663","21528","176",""
"5663","21529","177",""
"5663","39619","177",""
"5663","21530","178",""
"5663","21531","179",""
"5663","21535","181",""
"5663","21536","183",""
"5663","21537","185",""
"5663","21538","186",""
"5663","21539","187",""
"5663","21540","187",""
"5663","21541","188",""
"5663","21542","188",""
"5663","21543","189",""
"5663","21544","191",""
"5663","21545","192",""
"5663","21546","193",""
"5663","21547","193",""
"5663","21548","194",""
"5663","21549","194",""
"5663","21550","195",""
"5663","21551","196",""
"5663","21552","196",""
"5663","21553","196",""
"5663","21554","197",""
"127","12451","17",""
"127","12452","17",""
"127","12453","18",""
"127","12454","19",""
"127","12455","21",""
"127","12456","21",""
"127","12457","22",""
"127","12458","24",""
"127","12459","25",""
"127","12460","26",""
"127","12461","27",""
"127","12462","28",""
"127","12463","29",""
"127","12464","29",""
"127","12465","30",""
"127","12466","31",""
"127","12467","32",""
"127","12468","33",""
"127","12469","34",""
"127","12470","35",""
"127","12471","36",""
"127","12472","36",""
"127","12473","37",""
"127","12474","39",""
"127","12475","39",""
"127","12476","40",""
"127","12477","40",""
"127","12478","41",""
"127","12479","42",""
"127","12480","42",""
"127","12481","43",""
"127","12482","43",""
"127","12483","44",""
"127","12484","44",""
"127","12485","45",""
"127","12486","45",""
"127","12487","46",""
"127","12488","46",""
"127","12489","47",""
"127","12490","47",""
"127","12491","47",""
"127","12492","48",""
"127","12493","48",""
"127","12494","49",""
"127","12495","50",""
"127","12496","51",""
"127","12497","52",""
"127","12498","52",""
"127","12499","53",""
"127","12500","53",""
"127","12501","54",""
"127","12502","55",""
"127","12503","56",""
"127","12504","57",""
"127","12505","59",""
"127","12506","60",""
"127","12507","61",""
"127","12508","61",""
"127","12509","62",""
"127","12510","63",""
"127","12511","64",""
"127","12512","65",""
"127","12513","65",""
"127","12514","66",""
"127","12515","67",""
"127","12516","68",""
"127","12517","68",""
"127","12518","69",""
"127","12519","70",""
"127","12520","71",""
"127","12521","71",""
"127","12522","72",""
"127","12523","72",""
"127","12524","73",""
"127","12525","73",""
"127","12526","74",""
"127","12527","74",""
"127","12528","75",""
"127","12529","76",""
"127","12530","76",""
"127","12531","77",""
"127","12532","77",""
"127","12533","78",""
"127","12534","79",""
"127","12535","79",""
"127","12536","1",""
"127","12537","2",""
"128","19482","57",""
"128","19483","57",""
"128","19484","58",""
"128","19485","59",""
"128","19486","60",""
"128","19487","60",""
"128","19488","61",""
"128","19489","62",""
"128","19490","63",""
"128","19491","64",""
"128","19492","65",""
"128","19493","66",""
"128","19494","67",""
"128","19495","68",""
"128","19496","68",""
"128","19497","69",""
"128","19498","70",""
"128","19499","70",""
"128","19500","71",""
"128","19501","72",""
"128","19502","73",""
"128","19503","73",""
"128","19504","74",""
"128","19505","75",""
"128","19506","76",""
"128","19507","76",""
"128","19508","77",""
"128","19509","78",""
"128","19510","78",""
"128","19511","78",""
"128","19512","79",""
"128","19513","79",""
"128","19514","80",""
"128","19515","80",""
"128","19516","81",""
"128","19517","81",""
"128","19518","82",""
"128","19519","83",""
"128","19520","83",""
"128","19521","84",""
"128","19522","84",""
"128","19523","84",""
"128","19524","85",""
"128","19525","86",""
"128","19526","86",""
"128","19527","87",""
"128","19528","88",""
"128","19529","88",""
"128","19530","89",""
"128","19531","89",""
"128","19532","90",""
"128","19533","91",""
"128","19534","92",""
"128","19535","93",""
"128","19536","94",""
"128","19537","95",""
"128","19538","96",""
"128","19539","96",""
"128","19540","97",""
"128","19541","97",""
"128","19542","98",""
"128","19543","99",""
"128","19544","100",""
"128","19545","100",""
"128","19546","101",""
"128","19547","101",""
"128","19548","102",""
"128","19549","102",""
"128","19550","103",""
"482","32406","17",""
"482","32407","17",""
"482","32408","18",""
"482","32409","19",""
"482","32410","20",""
"482","32411","20",""
"482","32412","21",""
"482","32413","22",""
"482","32414","3",""
"482","32415","5",""
"482","32416","5",""
"482","32417","6",""
"482","32418","7",""
"482","32419","7",""
"482","32420","9",""
"482","32421","10",""
"482","32422","11",""
"482","32423","13",""
"482","32424","14",""
"482","32425","15",""
"482","32426","18",""
"482","32427","19",""
"482","32428","20",""
"482","32429","21",""
"482","32430","23",""
"482","32431","25",""
"482","32432","25",""
"482","32433","27",""
"482","32434","27",""
"482","32435","28",""
"482","32436","31",""
"482","32437","35",""
"482","32438","37",""
"482","32439","41",""
"482","32440","44",""
"482","32441","47",""
"482","32442","50",""
"482","32443","52",""
"482","32444","55",""
"482","32445","58",""
"482","32446","58",""
"482","32447","59",""
"482","32448","62",""
"482","32449","2",""
"482","32450","3",""
"482","32451","6",""
"482","32452","7",""
"482","32453","8",""
"482","32454","9",""
"482","32455","10",""
"482","1160","12",""
"482","32456","15",""
"482","32457","21",""
"482","32458","24",""
"482","32459","26",""
"482","32460","29",""
"482","32461","32",""
"482","32462","35",""
"482","32463","38",""
"482","32464","40",""
"482","32465","40",""
"482","32466","40",""
"482","32467","41",""
"482","32468","42",""
"482","32469","43",""
"482","32470","44",""
"482","32471","2",""
"482","32472","2",""
"482","32473","4",""
"482","32474","4",""
"482","32475","6",""
"482","32476","7",""
"482","32477","8",""
"482","32478","9",""
"482","32479","9",""
"482","32480","10",""
"482","32481","11",""
"482","32482","12",""
"482","32483","13",""
"482","32484","15",""
"482","32485","16",""
"482","32486","17",""
"482","32487","17",""
"482","32488","19",""
"482","32489","1",""
"482","32490","2",""
"482","32491","3",""
"482","32492","3",""
"482","32493","3",""
"482","32494","4",""
"482","32495","5",""
"484","32535","136",""
"484","32536","139",""
"484","32537","140",""
"484","32538","140",""
"484","32539","143",""
"484","32540","145",""
"484","32541","145",""
"484","32542","147",""
"484","32544","147",""
"484","32545","150",""
"484","32546","153",""
"484","32547","156",""
"484","32548","159",""
"484","32549","164",""
"484","32550","168",""
"484","32551","171",""
"484","32552","176",""
"484","32553","178",""
"484","32554","179",""
"484","32555","179",""
"484","32556","180",""
"484","32557","181",""
"484","32558","182",""
"484","32559","184",""
"484","32560","184",""
"484","32561","186",""
"484","32562","186",""
"484","32563","187",""
"484","32564","191",""
"484","32565","191",""
"484","32566","192",""
"484","32567","192",""
"484","32568","193",""
"484","32569","193",""
"484","32570","194",""
"484","39354","197",""
"484","39356","198",""
"484","39355","76",""
"484","39353","77",""
"484","32508","78",""
"484","32509","79",""
"484","32510","80",""
"484","32511","81",""
"484","32512","81",""
"484","32513","82",""
"484","32514","83",""
"484","32515","84",""
"484","32516","86",""
"484","32517","87",""
"484","32518","87",""
"484","32519","88",""
"484","32520","89",""
"484","32521","90",""
"484","32522","93",""
"484","32523","93",""
"484","32524","97",""
"484","32525","97",""
"484","32526","99",""
"484","32527","102",""
"484","32528","106",""
"484","32529","109",""
"484","32530","113",""
"484","32531","120",""
"484","32532","124",""
"484","32533","126",""
"484","1544","130",""
"484","40345","132",""
"484","32534","135",""
"5209","0176","35",""
"5209","0177","36",""
"5209","0179","37",""
"5209","40520","37",""
"5209","0180","41",""
"5209","0181","42",""
"5209","0182","43",""
"5209","0183","45",""
"5209","0184","47",""
"5209","0185","47",""
"5209","0186","48",""
"5209","0187","49",""
"5209","0188","50",""
"5209","0189","54",""
"5209","0191","57",""
"5209","0533","61",""
"5209","0192","62",""
"5209","0193","63",""
"5209","0194","64",""
"5209","0195","64",""
"5209","0196","66",""
"5209","0197","70",""
"5209","0198","73",""
"5209","0199","74",""
"5209","0200","77",""
"157","33087","-1","未發車"
"157","33088","-1","未發車"
"157","33089","-1","未發車"
"157","33090","-1","未發車"
"157","33091","-1","未發車"
"157","33092","-1","未發車"
"157","33093","-1","未發車"
"157","33094","-1","未發車"
"157","33095","-1","未發車"
"157","33096","-1","未發車"
"157","33097","2",""
"157","33098","4",""
"157","33099","4",""
"157","33100","5",""
"157","33101","2",""
"157","39649","3",""
"157","33102","3",""
"157","33103","1",""
"157","33104","3",""
"157","33105","4",""
"157","33106","5",""
"157","33107","7",""
"157","33108","9",""
"157","33109","11",""
"157","33110","15",""
"157","33111","2",""
"157","33112","6",""
"157","33113","7",""
"157","33114","2",""
"157","33115","3",""
"157","33116","3",""
"157","33117","5",""
"157","33118","6",""
"157","33119","4",""
"157","33120","5",""
"157","33121","7",""
"157","33122","9",""
"157","33123","11",""
"157","33124","12",""
"157","33125","14",""
"157","33126","16",""
"157","33127","17",""
"157","33128","1",""
"157","33129","3",""
"157","33130","5",""
"157","33131","7",""
"157","33132","9",""
"157","33133","11",""
"157","33134","1",""
"157","33135","2",""
"157","33136","3",""
"157","2249","4",""
"157","33137","6",""
"157","33138","7",""
"157","33139","9",""
"157","33140","1",""
"157","33141","3",""
"157","33142","4",""
"157","33143","3",""
"157","33144","4",""
"157","33145","8",""
"157","33146","8",""
"157","33147","10",""
"157","33148","11",""
"157","33149","12",""
"157","33150","13",""
"157","33151","2",""
"157","33152","4",""
"157","33153","2",""
"157","33154","3",""
"157","33155","5",""
"157","33156","6",""
"157","33157","7",""
"157","33158","9",""
"157","33159","11",""
"157","33160","12",""
"157","33161","13",""
"157","33162","1",""
"157","33163","2",""
"157","33164","3",""
"157","33165","3",""
"157","42935","4",""
"5410","33502","34",""
"5410","33503","36",""
"5410","33504","38",""
"5410","33505","38",""
"5410","33506","43",""
"5410","33507","44",""
"5410","33508","45",""
"5410","33509","45",""
"5410","33510","47",""
"5410","33511","1",""
"5410","33512","2",""
"5410","33515","3",""
"5410","33516","5",""
"5410","33517","6",""
"5410","33518","6",""
"5410","33519","7",""
"5410","55859","8",""
"5410","33520","9",""
"5410","33522","10",""
"5410","33523","11",""
"5410","33524","12",""
"5410","33525","12",""
"5410","33526","13",""
"5410","33527","13",""
"5410","38979","14",""
"5410","1385","14",""
"5410","1386","14",""
"5410","1387","15",""
"5410","1388","15",""
"5410","1389","16",""
"5410","1390","17",""
"5410","1391","17",""
"5410","1394","18",""
"5410","1395","19",""
"5410","1396","19",""
"5410","1397","20",""
"5410","1398","20",""
"5410","1399","21",""
"5410","38982","21",""
"5410","33528","22",""
"5410","38977","22",""
"5410","33529","22",""
"5410","33530","23",""
"5410","33531","23",""
"5410","33532","24",""
"5410","33533","25",""
"5410","33534","25",""
"5410","33535","26",""
"5410","33536","27",""
"5410","33537","27",""
"5410","33538","29",""
"5410","33539","30",""
"5410","33540","32",""
"5410","33541","33",""
"5410","33542","34",""
"5410","33543","35",""
"5410","33544","37",""
"5410","33545","38",""
"5410","33546","40",""
"5410","33547","40",""
"5410","33455","16",""
"5410","33456","17",""
"5410","33457","18",""
"5410","33458","19",""
"5410","33459","20",""
"5410","33460","21",""
"5410","33461","23",""
"5410","33462","25",""
"5410","33463","26",""
"5410","33464","28",""
"5410","33465","29",""
"5410","33466","31",""
"5410","33467","31",""
"5410","33468","32",""
"5410","33469","33",""
"5410","33470","33",""
"5410","33471","34",""
"5410","33472","34",""
"5410","33473","35",""
"5410","33474","36",""
"5410","38976","36",""
"5410","33475","37",""
"5410","1372","37",""
"5410","1373","37",""
"5410","1374","38",""
"5410","1375","38",""
"5410","1376","39",""
"5410","1377","40",""
"5410","1378","40",""
"5410","1379","1",""
"5410","1380","2",""
"5410","1381","3",""
"5410","1382","3",""
"5410","1383","4",""
"5410","38981","4",""
"5410","1384","5",""
"5410","38978","5",""
"5410","33476","5",""
"5410","33477","6",""
"5410","33478","7",""
"5410","33479","7",""
"5410","33480","8",""
"5410","33481","9",""
"5410","33483","10",""
"5410","55858","11",""
"5410","33484","12",""
"5410","33485","12",""
"5410","33486","13",""
"5410","33487","14",""
"5410","33488","15",""
"5410","33489","16",""
"5410","33491","16",""
"5410","33492","17",""
"5410","33493","18",""
"5410","33494","19",""
"5410","33495","20",""
"5410","33496","22",""
"5410","33497","26",""
"5410","33498","28",""
"5410","33499","29",""
"5410","33500","32",""
"5410","33501","33",""
"5215","33559","108",""
"5215","33560","109",""
"5215","33561","109",""
"5215","33562","110",""
"5215","33563","110",""
"5215","33564","111",""
"5215","33565","112",""
"5215","33566","112",""
"5215","33567","115",""
"5215","34431","116",""
"5215","33568","118",""
"5215","33569","120",""
"5215","33570","122",""
"5215","33571","123",""
"5215","33572","124",""
"5215","33573","125",""
"5215","33574","126",""
"5215","33575","127",""
"5215","33576","129",""
"5215","33577","130",""
"5215","33578","131",""
"5215","33579","131",""
"5215","33580","131",""
"5215","33581","132",""
"5215","34432","134",""
"5215","33582","134",""
"5215","33583","134",""
"5215","3566","136",""
"5215","33584","138",""
"5215","33585","138",""
"5215","45948","139",""
"5215","33586","139",""
"5215","33587","141",""
"5215","33588","144",""
"5215","33589","144",""
"5215","33590","145",""
"5215","33591","146",""
"5215","33592","147",""
"5215","33593","148",""
"5215","33594","150",""
"5215","33595","151",""
"5215","33596","152",""
"5215","33597","153",""
"5215","33598","154",""
"5215","33599","156",""
"5215","33600","157",""
"5215","33601","158",""
"5215","33602","159",""
"5215","33603","160",""
"5215","33604","162",""
"5215","33605","162",""
"5215","33606","163",""
"5215","33607","165",""
"5215","33608","166",""
"5215","33609","167",""
"5215","34433","172",""
"5215","45949","173",""
"5215","34434","173",""
"5215","34435","174",""
"5215","3567","175",""
"5215","34436","1",""
"5215","33610","2",""
"5215","34437","7",""
"5215","34438","10",""
"5215","34439","10",""
"5215","34440","10",""
"5215","34441","11",""
"5215","34442","12",""
"5215","34443","15",""
"5215","34444","16",""
"5215","34445","18",""
"5215","34446","18",""
"5215","34447","20",""
"5215","33611","21",""
"5215","33612","23",""
"5215","33613","26",""
"5215","33614","29",""
"5215","33615","31",""
"5215","33616","31",""
"5215","33617","32",""
"5215","33618","33",""
"5215","33619","33",""
"5215","33620","34",""
"5215","33621","34",""
"5215","42931","35",""
"485","33722","2",""
"485","42973","1",""
"485","33723","1",""
"485","33724","4",""
"485","33725","1",""
"485","33726","2",""
"485","33727","2",""
"485","33728","6",""
"485","33729","7",""
"485","33730","8",""
"485","33731","11",""
"485","33732","13",""
"485","33733","13",""
"485","1854","14",""
"485","33734","15",""
"485","33735","16",""
"485","33736","16",""
"485","33737","17",""
"485","33738","17",""
"485","33739","19",""
"485","33740","20",""
"485","33741","20",""
"485","33742","21",""
"485","33743","22",""
"485","33744","1",""
"485","33745","2",""
"485","33746","3",""
"485","33747","4",""
"485","33748","9",""
"485","3658","10",""
"485","33749","11",""
"485","33750","11",""
"485","33751","12",""
"485","33752","13",""
"485","33753","14",""
"485","33754","15",""
"485","33755","15",""
"485","33756","16",""
"485","33757","17",""
"485","33758","17",""
"485","33759","2",""
"485","33760","2",""
"485","33761","3",""
"485","33762","4",""
"485","33763","6",""
"485","33764","7",""
"485","33765","9",""
"485","33766","10",""
"485","33767","14",""
"485","33768","16",""
"485","33770","19",""
"485","33771","20",""
"485","33773","3",""
"485","33774","7",""
"485","33775","9",""
"485","33776","10",""
"485","2248","11",""
"485","33777","12",""
"485","33778","13",""
"485","33779","14",""
"485","33780","15",""
"485","33781","15",""
"485","33782","16",""
"485","33783","18",""
"485","33784","19",""
"485","33785","20",""
"485","33787","21",""
"485","33788","21",""
"485","33789","22",""
"485","33790","24",""
"485","33791","4",""
"485","33793","8",""
"485","33794","9",""
"485","33796","11",""
"485","33797","13",""
"485","33798","14",""
"485","33799","15",""
"485","33800","17",""
"485","33801","18",""
"485","33802","19",""
"485","33803","2",""
"485","33804","2",""
"485","33805","4",""
"485","33806","5",""
"485","33807","6",""
"485","33808","7",""
"485","33809","7",""
"485","33810","9",""
"485","33811","9",""
"485","33812","11",""
"485","33813","12",""
"485","33814","13",""
"485","33815","13",""
"485","3659","15",""
"485","33816","16",""
"485","33817","21",""
"485","33818","26",""
"485","33819","27",""
"485","33820","27",""
"485","1855","29",""
"485","33821","30",""
"485","33822","31",""
"485","33823","31",""
"485","33824","33",""
"485","33825","33",""
"485","33826","35",""
"485","33827","36",""
"485","33828","37",""
"485","1856","39",""
"485","33829","39",""
"485","33830","40",""
"485","33831","41",""
"485","33832","41",""
"485","33833","42",""
"485","33834","44",""
"485","33835","44",""
"485","33836","46",""
"485","33837","48",""
"485","33838","49",""
"485","33839","50",""
"485","33840","51",""
"485","42974","52",""
