SiteName,MonitorDate,Concentration,ItemUnit
馬公,2019-12-26,12,μg/m3
金門,2019-12-26,46,μg/m3
馬祖,2019-12-26,20,μg/m3
宜蘭,2019-12-26,9,μg/m3
陽明,2019-12-26,6,μg/m3
花蓮,2019-12-26,8,μg/m3
臺東,2019-12-26,7,μg/m3
恆春,2019-12-26,6,μg/m3
屏東,2019-12-26,26,μg/m3
前金,2019-12-26,35,μg/m3
美濃,2019-12-26,24,μg/m3
臺南,2019-12-26,29,μg/m3
新營,2019-12-26,27,μg/m3
嘉義,2019-12-26,27,μg/m3
朴子,2019-12-26,23,μg/m3
斗六,2019-12-26,21,μg/m3
南投,2019-12-26,17,μg/m3
彰化,2019-12-26,17,μg/m3
忠明,2019-12-26,15,μg/m3
豐原,2019-12-26,11,μg/m3
三義,2019-12-26,9,μg/m3
苗栗,2019-12-26,16,μg/m3
新竹,2019-12-26,24,μg/m3
竹東,2019-12-26,12,μg/m3
平鎮,2019-12-26,25,μg/m3
桃園,2019-12-26,25,μg/m3
萬華,2019-12-26,20,μg/m3
士林,2019-12-26,15,μg/m3
板橋,2019-12-26,23,μg/m3
汐止,2019-12-26,18,μg/m3
基隆,2019-12-26,17,μg/m3
馬公,2019-12-23,11,μg/m3
金門,2019-12-23,21,μg/m3
馬祖,2019-12-23,10,μg/m3
宜蘭,2019-12-23,6,μg/m3
陽明,2019-12-23,2,μg/m3
花蓮,2019-12-23,6,μg/m3
臺東,2019-12-23,5,μg/m3
恆春,2019-12-23,4,μg/m3
屏東,2019-12-23,,μg/m3
前金,2019-12-23,,μg/m3
美濃,2019-12-23,23,μg/m3
臺南,2019-12-23,31,μg/m3
新營,2019-12-23,,μg/m3
嘉義,2019-12-23,,μg/m3
朴子,2019-12-23,,μg/m3
斗六,2019-12-23,27,μg/m3
南投,2019-12-23,20,μg/m3
彰化,2019-12-23,14,μg/m3
忠明,2019-12-23,13,μg/m3
豐原,2019-12-23,13,μg/m3
三義,2019-12-23,13,μg/m3
苗栗,2019-12-23,12,μg/m3
新竹,2019-12-23,10,μg/m3
竹東,2019-12-23,9,μg/m3
平鎮,2019-12-23,10,μg/m3
桃園,2019-12-23,8,μg/m3
萬華,2019-12-23,7,μg/m3
士林,2019-12-23,6,μg/m3
板橋,2019-12-23,7,μg/m3
汐止,2019-12-23,7,μg/m3
基隆,2019-12-23,6,μg/m3
馬公,2019-12-20,7,μg/m3
金門,2019-12-20,,μg/m3
馬祖,2019-12-20,8,μg/m3
宜蘭,2019-12-20,,μg/m3
陽明,2019-12-20,,μg/m3
花蓮,2019-12-20,5,μg/m3
臺東,2019-12-20,3,μg/m3
恆春,2019-12-20,2,μg/m3
屏東,2019-12-20,30,μg/m3
前金,2019-12-20,30,μg/m3
美濃,2019-12-20,26,μg/m3
臺南,2019-12-20,19,μg/m3
新營,2019-12-20,17,μg/m3
嘉義,2019-12-20,20,μg/m3
朴子,2019-12-20,14,μg/m3
斗六,2019-12-20,,μg/m3
南投,2019-12-20,,μg/m3
彰化,2019-12-20,,μg/m3
忠明,2019-12-20,,μg/m3
豐原,2019-12-20,,μg/m3
三義,2019-12-20,,μg/m3
苗栗,2019-12-20,,μg/m3
新竹,2019-12-20,,μg/m3
竹東,2019-12-20,,μg/m3
平鎮,2019-12-20,4,μg/m3
桃園,2019-12-20,5,μg/m3
萬華,2019-12-20,4,μg/m3
士林,2019-12-20,2,μg/m3
板橋,2019-12-20,4,μg/m3
汐止,2019-12-20,3,μg/m3
基隆,2019-12-20,3,μg/m3
馬公,2019-12-17,12,μg/m3
金門,2019-12-17,,μg/m3
馬祖,2019-12-17,29,μg/m3
宜蘭,2019-12-17,13,μg/m3
陽明,2019-12-17,5,μg/m3
花蓮,2019-12-17,8,μg/m3
臺東,2019-12-17,6,μg/m3
恆春,2019-12-17,5,μg/m3
屏東,2019-12-17,23,μg/m3
前金,2019-12-17,29,μg/m3
美濃,2019-12-17,17,μg/m3
臺南,2019-12-17,36,μg/m3
新營,2019-12-17,31,μg/m3
嘉義,2019-12-17,25,μg/m3
朴子,2019-12-17,,μg/m3
斗六,2019-12-17,25,μg/m3
南投,2019-12-17,16,μg/m3
彰化,2019-12-17,18,μg/m3
忠明,2019-12-17,20,μg/m3
豐原,2019-12-17,11,μg/m3
三義,2019-12-17,9,μg/m3
苗栗,2019-12-17,12,μg/m3
新竹,2019-12-17,17,μg/m3
竹東,2019-12-17,11,μg/m3
平鎮,2019-12-17,20,μg/m3
桃園,2019-12-17,24,μg/m3
萬華,2019-12-17,16,μg/m3
士林,2019-12-17,13,μg/m3
板橋,2019-12-17,21,μg/m3
汐止,2019-12-17,18,μg/m3
基隆,2019-12-17,15,μg/m3
馬公,2019-12-14,12,μg/m3
金門,2019-12-14,34,μg/m3
馬祖,2019-12-14,22,μg/m3
宜蘭,2019-12-14,10,μg/m3
陽明,2019-12-14,3,μg/m3
花蓮,2019-12-14,10,μg/m3
臺東,2019-12-14,10,μg/m3
恆春,2019-12-14,10,μg/m3
屏東,2019-12-14,28,μg/m3
前金,2019-12-14,33,μg/m3
美濃,2019-12-14,18,μg/m3
臺南,2019-12-14,34,μg/m3
新營,2019-12-14,27,μg/m3
嘉義,2019-12-14,32,μg/m3
朴子,2019-12-14,24,μg/m3
斗六,2019-12-14,36,μg/m3
南投,2019-12-14,18,μg/m3
彰化,2019-12-14,27,μg/m3
忠明,2019-12-14,23,μg/m3
豐原,2019-12-14,16,μg/m3
三義,2019-12-14,17,μg/m3
苗栗,2019-12-14,17,μg/m3
新竹,2019-12-14,12,μg/m3
竹東,2019-12-14,11,μg/m3
平鎮,2019-12-14,10,μg/m3
桃園,2019-12-14,10,μg/m3
萬華,2019-12-14,10,μg/m3
士林,2019-12-14,9,μg/m3
板橋,2019-12-14,10,μg/m3
汐止,2019-12-14,10,μg/m3
基隆,2019-12-14,10,μg/m3
馬公,2019-12-11,17,μg/m3
金門,2019-12-11,37,μg/m3
馬祖,2019-12-11,27,μg/m3
宜蘭,2019-12-11,12,μg/m3
陽明,2019-12-11,10,μg/m3
花蓮,2019-12-11,10,μg/m3
臺東,2019-12-11,9,μg/m3
恆春,2019-12-11,9,μg/m3
屏東,2019-12-11,22,μg/m3
前金,2019-12-11,,μg/m3
美濃,2019-12-11,19,μg/m3
臺南,2019-12-11,34,μg/m3
新營,2019-12-11,,μg/m3
嘉義,2019-12-11,30,μg/m3
朴子,2019-12-11,,μg/m3
斗六,2019-12-11,26,μg/m3
南投,2019-12-11,22,μg/m3
彰化,2019-12-11,22,μg/m3
忠明,2019-12-11,19,μg/m3
豐原,2019-12-11,15,μg/m3
三義,2019-12-11,14,μg/m3
苗栗,2019-12-11,16,μg/m3
新竹,2019-12-11,17,μg/m3
竹東,2019-12-11,13,μg/m3
平鎮,2019-12-11,15,μg/m3
桃園,2019-12-11,14,μg/m3
萬華,2019-12-11,15,μg/m3
士林,2019-12-11,14,μg/m3
板橋,2019-12-11,17,μg/m3
汐止,2019-12-11,15,μg/m3
基隆,2019-12-11,13,μg/m3
馬公,2019-12-08,16,μg/m3
金門,2019-12-08,20,μg/m3
馬祖,2019-12-08,22,μg/m3
宜蘭,2019-12-08,9,μg/m3
陽明,2019-12-08,,μg/m3
花蓮,2019-12-08,7,μg/m3
臺東,2019-12-08,6,μg/m3
恆春,2019-12-08,6,μg/m3
屏東,2019-12-08,17,μg/m3
前金,2019-12-08,19,μg/m3
美濃,2019-12-08,12,μg/m3
臺南,2019-12-08,14,μg/m3
新營,2019-12-08,12,μg/m3
嘉義,2019-12-08,14,μg/m3
朴子,2019-12-08,12,μg/m3
斗六,2019-12-08,14,μg/m3
南投,2019-12-08,10,μg/m3
彰化,2019-12-08,8,μg/m3
忠明,2019-12-08,8,μg/m3
豐原,2019-12-08,7,μg/m3
三義,2019-12-08,8,μg/m3
苗栗,2019-12-08,9,μg/m3
新竹,2019-12-08,10,μg/m3
竹東,2019-12-08,8,μg/m3
平鎮,2019-12-08,11,μg/m3
桃園,2019-12-08,11,μg/m3
萬華,2019-12-08,10,μg/m3
士林,2019-12-08,12,μg/m3
板橋,2019-12-08,11,μg/m3
汐止,2019-12-08,,μg/m3
基隆,2019-12-08,10,μg/m3
馬公,2019-12-05,11,μg/m3
金門,2019-12-05,32,μg/m3
馬祖,2019-12-05,35,μg/m3
宜蘭,2019-12-05,7,μg/m3
陽明,2019-12-05,,μg/m3
花蓮,2019-12-05,5,μg/m3
臺東,2019-12-05,,μg/m3
恆春,2019-12-05,2,μg/m3
屏東,2019-12-05,,μg/m3
前金,2019-12-05,22,μg/m3
美濃,2019-12-05,21,μg/m3
臺南,2019-12-05,13,μg/m3
新營,2019-12-05,13,μg/m3
嘉義,2019-12-05,15,μg/m3
朴子,2019-12-05,11,μg/m3
斗六,2019-12-05,14,μg/m3
南投,2019-12-05,11,μg/m3
彰化,2019-12-05,10,μg/m3
忠明,2019-12-05,8,μg/m3
豐原,2019-12-05,6,μg/m3
三義,2019-12-05,8,μg/m3
苗栗,2019-12-05,11,μg/m3
新竹,2019-12-05,12,μg/m3
竹東,2019-12-05,6,μg/m3
平鎮,2019-12-05,,μg/m3
桃園,2019-12-05,11,μg/m3
萬華,2019-12-05,10,μg/m3
士林,2019-12-05,6,μg/m3
板橋,2019-12-05,11,μg/m3
汐止,2019-12-05,10,μg/m3
基隆,2019-12-05,9,μg/m3
馬公,2019-12-02,15,μg/m3
金門,2019-12-02,18,μg/m3
馬祖,2019-12-02,16,μg/m3
宜蘭,2019-12-02,14,μg/m3
陽明,2019-12-02,10,μg/m3
花蓮,2019-12-02,12,μg/m3
臺東,2019-12-02,10,μg/m3
恆春,2019-12-02,10,μg/m3
屏東,2019-12-02,28,μg/m3
前金,2019-12-02,26,μg/m3
美濃,2019-12-02,25,μg/m3
臺南,2019-12-02,24,μg/m3
新營,2019-12-02,22,μg/m3
嘉義,2019-12-02,22,μg/m3
朴子,2019-12-02,25,μg/m3
斗六,2019-12-02,25,μg/m3
南投,2019-12-02,19,μg/m3
彰化,2019-12-02,16,μg/m3
忠明,2019-12-02,16,μg/m3
豐原,2019-12-02,15,μg/m3
三義,2019-12-02,16,μg/m3
苗栗,2019-12-02,17,μg/m3
新竹,2019-12-02,,μg/m3
竹東,2019-12-02,18,μg/m3
平鎮,2019-12-02,20,μg/m3
桃園,2019-12-02,19,μg/m3
萬華,2019-12-02,16,μg/m3
士林,2019-12-02,14,μg/m3
板橋,2019-12-02,18,μg/m3
汐止,2019-12-02,18,μg/m3
基隆,2019-12-02,19,μg/m3
馬公,2019-11-29,12,μg/m3
金門,2019-11-29,15,μg/m3
馬祖,2019-11-29,13,μg/m3
宜蘭,2019-11-29,8,μg/m3
陽明,2019-11-29,4,μg/m3
花蓮,2019-11-29,7,μg/m3
臺東,2019-11-29,6,μg/m3
恆春,2019-11-29,6,μg/m3
屏東,2019-11-29,21,μg/m3
前金,2019-11-29,18,μg/m3
美濃,2019-11-29,15,μg/m3
臺南,2019-11-29,18,μg/m3
新營,2019-11-29,17,μg/m3
嘉義,2019-11-29,18,μg/m3
朴子,2019-11-29,15,μg/m3
斗六,2019-11-29,17,μg/m3
南投,2019-11-29,11,μg/m3
彰化,2019-11-29,11,μg/m3
忠明,2019-11-29,10,μg/m3
豐原,2019-11-29,9,μg/m3
三義,2019-11-29,9,μg/m3
苗栗,2019-11-29,10,μg/m3
新竹,2019-11-29,10,μg/m3
竹東,2019-11-29,8,μg/m3
平鎮,2019-11-29,10,μg/m3
桃園,2019-11-29,10,μg/m3
萬華,2019-11-29,9,μg/m3
士林,2019-11-29,7,μg/m3
板橋,2019-11-29,10,μg/m3
汐止,2019-11-29,9,μg/m3
基隆,2019-11-29,,μg/m3
馬公,2019-11-26,13,μg/m3
金門,2019-11-26,12,μg/m3
馬祖,2019-11-26,13,μg/m3
宜蘭,2019-11-26,8,μg/m3
陽明,2019-11-26,3,μg/m3
花蓮,2019-11-26,8,μg/m3
臺東,2019-11-26,7,μg/m3
恆春,2019-11-26,6,μg/m3
屏東,2019-11-26,31,μg/m3
前金,2019-11-26,24,μg/m3
美濃,2019-11-26,24,μg/m3
臺南,2019-11-26,19,μg/m3
新營,2019-11-26,20,μg/m3
嘉義,2019-11-26,23,μg/m3
朴子,2019-11-26,16,μg/m3
斗六,2019-11-26,23,μg/m3
南投,2019-11-26,18,μg/m3
彰化,2019-11-26,13,μg/m3
忠明,2019-11-26,12,μg/m3
豐原,2019-11-26,13,μg/m3
三義,2019-11-26,8,μg/m3
苗栗,2019-11-26,9,μg/m3
新竹,2019-11-26,10,μg/m3
竹東,2019-11-26,7,μg/m3
平鎮,2019-11-26,10,μg/m3
桃園,2019-11-26,11,μg/m3
萬華,2019-11-26,11,μg/m3
士林,2019-11-26,9,μg/m3
板橋,2019-11-26,11,μg/m3
汐止,2019-11-26,10,μg/m3
基隆,2019-11-26,10,μg/m3
馬公,2019-11-23,10,μg/m3
金門,2019-11-23,14,μg/m3
馬祖,2019-11-23,10,μg/m3
宜蘭,2019-11-23,8,μg/m3
陽明,2019-11-23,,μg/m3
花蓮,2019-11-23,5,μg/m3
臺東,2019-11-23,5,μg/m3
恆春,2019-11-23,6,μg/m3
屏東,2019-11-23,27,μg/m3
前金,2019-11-23,28,μg/m3
美濃,2019-11-23,21,μg/m3
臺南,2019-11-23,37,μg/m3
新營,2019-11-23,34,μg/m3
嘉義,2019-11-23,31,μg/m3
朴子,2019-11-23,30,μg/m3
斗六,2019-11-23,33,μg/m3
南投,2019-11-23,21,μg/m3
彰化,2019-11-23,17,μg/m3
忠明,2019-11-23,17,μg/m3
豐原,2019-11-23,19,μg/m3
三義,2019-11-23,15,μg/m3
苗栗,2019-11-23,14,μg/m3
新竹,2019-11-23,12,μg/m3
竹東,2019-11-23,9,μg/m3
平鎮,2019-11-23,13,μg/m3
桃園,2019-11-23,9,μg/m3
萬華,2019-11-23,10,μg/m3
士林,2019-11-23,8,μg/m3
板橋,2019-11-23,9,μg/m3
汐止,2019-11-23,8,μg/m3
基隆,2019-11-23,8,μg/m3
馬公,2019-11-20,15,μg/m3
金門,2019-11-20,19,μg/m3
馬祖,2019-11-20,18,μg/m3
宜蘭,2019-11-20,6,μg/m3
陽明,2019-11-20,3,μg/m3
花蓮,2019-11-20,4,μg/m3
臺東,2019-11-20,6,μg/m3
恆春,2019-11-20,,μg/m3
屏東,2019-11-20,27,μg/m3
前金,2019-11-20,25,μg/m3
美濃,2019-11-20,21,μg/m3
臺南,2019-11-20,18,μg/m3
新營,2019-11-20,16,μg/m3
嘉義,2019-11-20,18,μg/m3
朴子,2019-11-20,14,μg/m3
斗六,2019-11-20,16,μg/m3
南投,2019-11-20,11,μg/m3
彰化,2019-11-20,9,μg/m3
忠明,2019-11-20,8,μg/m3
豐原,2019-11-20,7,μg/m3
三義,2019-11-20,5,μg/m3
苗栗,2019-11-20,7,μg/m3
新竹,2019-11-20,11,μg/m3
竹東,2019-11-20,4,μg/m3
平鎮,2019-11-20,11,μg/m3
桃園,2019-11-20,11,μg/m3
萬華,2019-11-20,11,μg/m3
士林,2019-11-20,9,μg/m3
板橋,2019-11-20,,μg/m3
汐止,2019-11-20,10,μg/m3
基隆,2019-11-20,10,μg/m3
馬公,2019-11-17,18,μg/m3
金門,2019-11-17,25,μg/m3
馬祖,2019-11-17,15,μg/m3
宜蘭,2019-11-17,10,μg/m3
陽明,2019-11-17,,μg/m3
花蓮,2019-11-17,8,μg/m3
臺東,2019-11-17,8,μg/m3
恆春,2019-11-17,6,μg/m3
屏東,2019-11-17,23,μg/m3
前金,2019-11-17,22,μg/m3
美濃,2019-11-17,21,μg/m3
臺南,2019-11-17,32,μg/m3
新營,2019-11-17,33,μg/m3
嘉義,2019-11-17,35,μg/m3
朴子,2019-11-17,34,μg/m3
斗六,2019-11-17,37,μg/m3
南投,2019-11-17,,μg/m3
彰化,2019-11-17,38,μg/m3
忠明,2019-11-17,33,μg/m3
豐原,2019-11-17,25,μg/m3
三義,2019-11-17,26,μg/m3
苗栗,2019-11-17,34,μg/m3
新竹,2019-11-17,36,μg/m3
竹東,2019-11-17,30,μg/m3
平鎮,2019-11-17,34,μg/m3
桃園,2019-11-17,34,μg/m3
萬華,2019-11-17,27,μg/m3
士林,2019-11-17,30,μg/m3
板橋,2019-11-17,31,μg/m3
汐止,2019-11-17,26,μg/m3
基隆,2019-11-17,25,μg/m3
馬公,2019-11-14,26,μg/m3
金門,2019-11-14,28,μg/m3
馬祖,2019-11-14,23,μg/m3
宜蘭,2019-11-14,25,μg/m3
陽明,2019-11-14,20,μg/m3
花蓮,2019-11-14,18,μg/m3
臺東,2019-11-14,18,μg/m3
恆春,2019-11-14,19,μg/m3
屏東,2019-11-14,40,μg/m3
前金,2019-11-14,44,μg/m3
美濃,2019-11-14,32,μg/m3
臺南,2019-11-14,35,μg/m3
新營,2019-11-14,36,μg/m3
嘉義,2019-11-14,42,μg/m3
朴子,2019-11-14,30,μg/m3
斗六,2019-11-14,42,μg/m3
南投,2019-11-14,32,μg/m3
彰化,2019-11-14,23,μg/m3
忠明,2019-11-14,22,μg/m3
豐原,2019-11-14,22,μg/m3
三義,2019-11-14,22,μg/m3
苗栗,2019-11-14,24,μg/m3
新竹,2019-11-14,25,μg/m3
竹東,2019-11-14,23,μg/m3
平鎮,2019-11-14,26,μg/m3
桃園,2019-11-14,25,μg/m3
萬華,2019-11-14,25,μg/m3
士林,2019-11-14,23,μg/m3
板橋,2019-11-14,25,μg/m3
汐止,2019-11-14,25,μg/m3
基隆,2019-11-14,24,μg/m3
馬公,2019-11-11,13,μg/m3
金門,2019-11-11,33,μg/m3
馬祖,2019-11-11,28,μg/m3
宜蘭,2019-11-11,13,μg/m3
陽明,2019-11-11,11,μg/m3
花蓮,2019-11-11,10,μg/m3
臺東,2019-11-11,9,μg/m3
恆春,2019-11-11,8,μg/m3
屏東,2019-11-11,23,μg/m3
前金,2019-11-11,21,μg/m3
美濃,2019-11-11,18,μg/m3
臺南,2019-11-11,27,μg/m3
新營,2019-11-11,33,μg/m3
嘉義,2019-11-11,31,μg/m3
朴子,2019-11-11,29,μg/m3
斗六,2019-11-11,33,μg/m3
南投,2019-11-11,,μg/m3
彰化,2019-11-11,25,μg/m3
忠明,2019-11-11,24,μg/m3
豐原,2019-11-11,22,μg/m3
三義,2019-11-11,17,μg/m3
苗栗,2019-11-11,,μg/m3
新竹,2019-11-11,15,μg/m3
竹東,2019-11-11,16,μg/m3
平鎮,2019-11-11,14,μg/m3
桃園,2019-11-11,14,μg/m3
萬華,2019-11-11,13,μg/m3
士林,2019-11-11,13,μg/m3
板橋,2019-11-11,13,μg/m3
汐止,2019-11-11,15,μg/m3
基隆,2019-11-11,13,μg/m3
馬公,2019-11-08,15,μg/m3
金門,2019-11-08,20,μg/m3
馬祖,2019-11-08,19,μg/m3
宜蘭,2019-11-08,11,μg/m3
陽明,2019-11-08,,μg/m3
花蓮,2019-11-08,10,μg/m3
臺東,2019-11-08,10,μg/m3
恆春,2019-11-08,10,μg/m3
屏東,2019-11-08,30,μg/m3
前金,2019-11-08,24,μg/m3
美濃,2019-11-08,24,μg/m3
臺南,2019-11-08,19,μg/m3
新營,2019-11-08,19,μg/m3
嘉義,2019-11-08,19,μg/m3
朴子,2019-11-08,18,μg/m3
斗六,2019-11-08,18,μg/m3
南投,2019-11-08,14,μg/m3
彰化,2019-11-08,14,μg/m3
忠明,2019-11-08,12,μg/m3
豐原,2019-11-08,11,μg/m3
三義,2019-11-08,11,μg/m3
苗栗,2019-11-08,13,μg/m3
新竹,2019-11-08,13,μg/m3
竹東,2019-11-08,11,μg/m3
平鎮,2019-11-08,13,μg/m3
桃園,2019-11-08,12,μg/m3
萬華,2019-11-08,12,μg/m3
士林,2019-11-08,11,μg/m3
板橋,2019-11-08,12,μg/m3
汐止,2019-11-08,12,μg/m3
基隆,2019-11-08,11,μg/m3
馬公,2019-11-05,20,μg/m3
金門,2019-11-05,25,μg/m3
馬祖,2019-11-05,25,μg/m3
宜蘭,2019-11-05,13,μg/m3
陽明,2019-11-05,13,μg/m3
花蓮,2019-11-05,11,μg/m3
臺東,2019-11-05,10,μg/m3
恆春,2019-11-05,10,μg/m3
屏東,2019-11-05,38,μg/m3
前金,2019-11-05,29,μg/m3
美濃,2019-11-05,35,μg/m3
臺南,2019-11-05,20,μg/m3
新營,2019-11-05,19,μg/m3
嘉義,2019-11-05,19,μg/m3
朴子,2019-11-05,20,μg/m3
斗六,2019-11-05,16,μg/m3
南投,2019-11-05,14,μg/m3
彰化,2019-11-05,14,μg/m3
忠明,2019-11-05,13,μg/m3
豐原,2019-11-05,11,μg/m3
三義,2019-11-05,12,μg/m3
苗栗,2019-11-05,15,μg/m3
新竹,2019-11-05,17,μg/m3
竹東,2019-11-05,13,μg/m3
平鎮,2019-11-05,18,μg/m3
桃園,2019-11-05,18,μg/m3
萬華,2019-11-05,18,μg/m3
士林,2019-11-05,16,μg/m3
板橋,2019-11-05,17,μg/m3
汐止,2019-11-05,17,μg/m3
基隆,2019-11-05,17,μg/m3
馬公,2019-11-02,12,μg/m3
金門,2019-11-02,16,μg/m3
馬祖,2019-11-02,24,μg/m3
宜蘭,2019-11-02,8,μg/m3
陽明,2019-11-02,2,μg/m3
花蓮,2019-11-02,9,μg/m3
臺東,2019-11-02,7,μg/m3
恆春,2019-11-02,7,μg/m3
屏東,2019-11-02,28,μg/m3
前金,2019-11-02,22,μg/m3
美濃,2019-11-02,23,μg/m3
臺南,2019-11-02,17,μg/m3
新營,2019-11-02,19,μg/m3
嘉義,2019-11-02,20,μg/m3
朴子,2019-11-02,18,μg/m3
斗六,2019-11-02,26,μg/m3
南投,2019-11-02,,μg/m3
彰化,2019-11-02,14,μg/m3
忠明,2019-11-02,15,μg/m3
豐原,2019-11-02,17,μg/m3
三義,2019-11-02,16,μg/m3
苗栗,2019-11-02,13,μg/m3
新竹,2019-11-02,10,μg/m3
竹東,2019-11-02,8,μg/m3
平鎮,2019-11-02,10,μg/m3
桃園,2019-11-02,10,μg/m3
萬華,2019-11-02,10,μg/m3
士林,2019-11-02,10,μg/m3
板橋,2019-11-02,10,μg/m3
汐止,2019-11-02,10,μg/m3
基隆,2019-11-02,10,μg/m3
馬公,2019-10-30,40,μg/m3
金門,2019-10-30,41,μg/m3
馬祖,2019-10-30,43,μg/m3
宜蘭,2019-10-30,13,μg/m3
陽明,2019-10-30,12,μg/m3
花蓮,2019-10-30,7,μg/m3
臺東,2019-10-30,7,μg/m3
恆春,2019-10-30,5,μg/m3
屏東,2019-10-30,33,μg/m3
前金,2019-10-30,39,μg/m3
美濃,2019-10-30,32,μg/m3
臺南,2019-10-30,35,μg/m3
新營,2019-10-30,31,μg/m3
嘉義,2019-10-30,31,μg/m3
朴子,2019-10-30,34,μg/m3
斗六,2019-10-30,32,μg/m3
南投,2019-10-30,25,μg/m3
彰化,2019-10-30,29,μg/m3
忠明,2019-10-30,24,μg/m3
豐原,2019-10-30,18,μg/m3
三義,2019-10-30,21,μg/m3
苗栗,2019-10-30,27,μg/m3
新竹,2019-10-30,34,μg/m3
竹東,2019-10-30,22,μg/m3
平鎮,2019-10-30,36,μg/m3
桃園,2019-10-30,36,μg/m3
萬華,2019-10-30,37,μg/m3
士林,2019-10-30,31,μg/m3
板橋,2019-10-30,37,μg/m3
汐止,2019-10-30,38,μg/m3
基隆,2019-10-30,36,μg/m3
馬公,2019-10-27,13,μg/m3
金門,2019-10-27,27,μg/m3
馬祖,2019-10-27,12,μg/m3
宜蘭,2019-10-27,10,μg/m3
陽明,2019-10-27,,μg/m3
花蓮,2019-10-27,12,μg/m3
臺東,2019-10-27,13,μg/m3
恆春,2019-10-27,11,μg/m3
屏東,2019-10-27,26,μg/m3
前金,2019-10-27,27,μg/m3
美濃,2019-10-27,23,μg/m3
臺南,2019-10-27,26,μg/m3
新營,2019-10-27,28,μg/m3
嘉義,2019-10-27,29,μg/m3
朴子,2019-10-27,23,μg/m3
斗六,2019-10-27,30,μg/m3
南投,2019-10-27,24,μg/m3
彰化,2019-10-27,18,μg/m3
忠明,2019-10-27,18,μg/m3
豐原,2019-10-27,21,μg/m3
三義,2019-10-27,16,μg/m3
苗栗,2019-10-27,14,μg/m3
新竹,2019-10-27,12,μg/m3
竹東,2019-10-27,12,μg/m3
平鎮,2019-10-27,12,μg/m3
桃園,2019-10-27,11,μg/m3
萬華,2019-10-27,11,μg/m3
士林,2019-10-27,9,μg/m3
板橋,2019-10-27,11,μg/m3
汐止,2019-10-27,11,μg/m3
基隆,2019-10-27,10,μg/m3
馬公,2019-10-24,17,μg/m3
金門,2019-10-24,27,μg/m3
馬祖,2019-10-24,18,μg/m3
宜蘭,2019-10-24,13,μg/m3
陽明,2019-10-24,11,μg/m3
花蓮,2019-10-24,16,μg/m3
臺東,2019-10-24,13,μg/m3
恆春,2019-10-24,12,μg/m3
屏東,2019-10-24,33,μg/m3
前金,2019-10-24,27,μg/m3
美濃,2019-10-24,26,μg/m3
臺南,2019-10-24,29,μg/m3
新營,2019-10-24,27,μg/m3
嘉義,2019-10-24,29,μg/m3
朴子,2019-10-24,26,μg/m3
斗六,2019-10-24,,μg/m3
南投,2019-10-24,24,μg/m3
彰化,2019-10-24,19,μg/m3
忠明,2019-10-24,19,μg/m3
豐原,2019-10-24,17,μg/m3
三義,2019-10-24,18,μg/m3
苗栗,2019-10-24,17,μg/m3
新竹,2019-10-24,16,μg/m3
竹東,2019-10-24,16,μg/m3
平鎮,2019-10-24,15,μg/m3
桃園,2019-10-24,15,μg/m3
萬華,2019-10-24,14,μg/m3
士林,2019-10-24,14,μg/m3
板橋,2019-10-24,14,μg/m3
汐止,2019-10-24,14,μg/m3
基隆,2019-10-24,13,μg/m3
馬公,2019-10-21,16,μg/m3
金門,2019-10-21,24,μg/m3
馬祖,2019-10-21,21,μg/m3
宜蘭,2019-10-21,12,μg/m3
陽明,2019-10-21,9,μg/m3
花蓮,2019-10-21,12,μg/m3
臺東,2019-10-21,11,μg/m3
恆春,2019-10-21,10,μg/m3
屏東,2019-10-21,23,μg/m3
前金,2019-10-21,22,μg/m3
美濃,2019-10-21,20,μg/m3
臺南,2019-10-21,23,μg/m3
新營,2019-10-21,21,μg/m3
嘉義,2019-10-21,23,μg/m3
朴子,2019-10-21,19,μg/m3
斗六,2019-10-21,23,μg/m3
南投,2019-10-21,18,μg/m3
彰化,2019-10-21,15,μg/m3
忠明,2019-10-21,14,μg/m3
豐原,2019-10-21,15,μg/m3
三義,2019-10-21,13,μg/m3
苗栗,2019-10-21,14,μg/m3
新竹,2019-10-21,14,μg/m3
竹東,2019-10-21,13,μg/m3
平鎮,2019-10-21,13,μg/m3
桃園,2019-10-21,14,μg/m3
萬華,2019-10-21,12,μg/m3
士林,2019-10-21,11,μg/m3
板橋,2019-10-21,13,μg/m3
汐止,2019-10-21,13,μg/m3
基隆,2019-10-21,11,μg/m3
馬公,2019-10-18,17,μg/m3
金門,2019-10-18,22,μg/m3
馬祖,2019-10-18,21,μg/m3
宜蘭,2019-10-18,14,μg/m3
陽明,2019-10-18,12,μg/m3
花蓮,2019-10-18,14,μg/m3
臺東,2019-10-18,12,μg/m3
恆春,2019-10-18,11,μg/m3
屏東,2019-10-18,23,μg/m3
前金,2019-10-18,21,μg/m3
美濃,2019-10-18,21,μg/m3
臺南,2019-10-18,21,μg/m3
新營,2019-10-18,20,μg/m3
嘉義,2019-10-18,21,μg/m3
朴子,2019-10-18,20,μg/m3
斗六,2019-10-18,21,μg/m3
南投,2019-10-18,17,μg/m3
彰化,2019-10-18,17,μg/m3
忠明,2019-10-18,15,μg/m3
豐原,2019-10-18,15,μg/m3
三義,2019-10-18,15,μg/m3
苗栗,2019-10-18,16,μg/m3
新竹,2019-10-18,17,μg/m3
竹東,2019-10-18,14,μg/m3
平鎮,2019-10-18,17,μg/m3
桃園,2019-10-18,18,μg/m3
萬華,2019-10-18,15,μg/m3
士林,2019-10-18,15,μg/m3
板橋,2019-10-18,17,μg/m3
汐止,2019-10-18,17,μg/m3
基隆,2019-10-18,16,μg/m3
馬公,2019-10-15,16,μg/m3
金門,2019-10-15,16,μg/m3
馬祖,2019-10-15,15,μg/m3
宜蘭,2019-10-15,11,μg/m3
陽明,2019-10-15,11,μg/m3
花蓮,2019-10-15,11,μg/m3
臺東,2019-10-15,13,μg/m3
恆春,2019-10-15,12,μg/m3
屏東,2019-10-15,20,μg/m3
前金,2019-10-15,20,μg/m3
美濃,2019-10-15,19,μg/m3
臺南,2019-10-15,21,μg/m3
新營,2019-10-15,18,μg/m3
嘉義,2019-10-15,17,μg/m3
朴子,2019-10-15,19,μg/m3
斗六,2019-10-15,17,μg/m3
南投,2019-10-15,14,μg/m3
彰化,2019-10-15,12,μg/m3
忠明,2019-10-15,11,μg/m3
豐原,2019-10-15,10,μg/m3
三義,2019-10-15,11,μg/m3
苗栗,2019-10-15,14,μg/m3
新竹,2019-10-15,15,μg/m3
竹東,2019-10-15,13,μg/m3
平鎮,2019-10-15,14,μg/m3
桃園,2019-10-15,14,μg/m3
萬華,2019-10-15,14,μg/m3
士林,2019-10-15,13,μg/m3
板橋,2019-10-15,14,μg/m3
汐止,2019-10-15,14,μg/m3
基隆,2019-10-15,14,μg/m3
馬公,2019-10-12,21,μg/m3
金門,2019-10-12,30,μg/m3
馬祖,2019-10-12,25,μg/m3
宜蘭,2019-10-12,20,μg/m3
陽明,2019-10-12,18,μg/m3
花蓮,2019-10-12,19,μg/m3
臺東,2019-10-12,17,μg/m3
恆春,2019-10-12,14,μg/m3
屏東,2019-10-12,28,μg/m3
前金,2019-10-12,18,μg/m3
美濃,2019-10-12,24,μg/m3
臺南,2019-10-12,23,μg/m3
新營,2019-10-12,29,μg/m3
嘉義,2019-10-12,32,μg/m3
朴子,2019-10-12,34,μg/m3
斗六,2019-10-12,38,μg/m3
南投,2019-10-12,36,μg/m3
彰化,2019-10-12,37,μg/m3
忠明,2019-10-12,36,μg/m3
豐原,2019-10-12,32,μg/m3
三義,2019-10-12,29,μg/m3
苗栗,2019-10-12,26,μg/m3
新竹,2019-10-12,22,μg/m3
竹東,2019-10-12,21,μg/m3
平鎮,2019-10-12,22,μg/m3
桃園,2019-10-12,21,μg/m3
萬華,2019-10-12,20,μg/m3
士林,2019-10-12,21,μg/m3
板橋,2019-10-12,20,μg/m3
汐止,2019-10-12,21,μg/m3
基隆,2019-10-12,19,μg/m3
馬公,2019-10-09,17,μg/m3
金門,2019-10-09,26,μg/m3
馬祖,2019-10-09,21,μg/m3
宜蘭,2019-10-09,13,μg/m3
陽明,2019-10-09,12,μg/m3
花蓮,2019-10-09,12,μg/m3
臺東,2019-10-09,13,μg/m3
恆春,2019-10-09,13,μg/m3
屏東,2019-10-09,20,μg/m3
前金,2019-10-09,20,μg/m3
美濃,2019-10-09,21,μg/m3
臺南,2019-10-09,21,μg/m3
新營,2019-10-09,25,μg/m3
嘉義,2019-10-09,27,μg/m3
朴子,2019-10-09,30,μg/m3
斗六,2019-10-09,33,μg/m3
南投,2019-10-09,28,μg/m3
彰化,2019-10-09,24,μg/m3
忠明,2019-10-09,22,μg/m3
豐原,2019-10-09,24,μg/m3
三義,2019-10-09,19,μg/m3
苗栗,2019-10-09,15,μg/m3
新竹,2019-10-09,16,μg/m3
竹東,2019-10-09,14,μg/m3
平鎮,2019-10-09,15,μg/m3
桃園,2019-10-09,15,μg/m3
萬華,2019-10-09,14,μg/m3
士林,2019-10-09,14,μg/m3
板橋,2019-10-09,15,μg/m3
汐止,2019-10-09,14,μg/m3
基隆,2019-10-09,14,μg/m3
馬公,2019-10-06,19,μg/m3
金門,2019-10-06,23,μg/m3
馬祖,2019-10-06,24,μg/m3
宜蘭,2019-10-06,13,μg/m3
陽明,2019-10-06,13,μg/m3
花蓮,2019-10-06,15,μg/m3
臺東,2019-10-06,13,μg/m3
恆春,2019-10-06,12,μg/m3
屏東,2019-10-06,46,μg/m3
前金,2019-10-06,26,μg/m3
美濃,2019-10-06,32,μg/m3
臺南,2019-10-06,25,μg/m3
新營,2019-10-06,30,μg/m3
嘉義,2019-10-06,32,μg/m3
朴子,2019-10-06,28,μg/m3
斗六,2019-10-06,38,μg/m3
南投,2019-10-06,45,μg/m3
彰化,2019-10-06,41,μg/m3
忠明,2019-10-06,40,μg/m3
豐原,2019-10-06,36,μg/m3
三義,2019-10-06,32,μg/m3
苗栗,2019-10-06,20,μg/m3
新竹,2019-10-06,15,μg/m3
竹東,2019-10-06,14,μg/m3
平鎮,2019-10-06,15,μg/m3
桃園,2019-10-06,15,μg/m3
萬華,2019-10-06,15,μg/m3
士林,2019-10-06,15,μg/m3
板橋,2019-10-06,15,μg/m3
汐止,2019-10-06,15,μg/m3
基隆,2019-10-06,15,μg/m3
馬公,2019-10-03,30,μg/m3
金門,2019-10-03,43,μg/m3
馬祖,2019-10-03,37,μg/m3
宜蘭,2019-10-03,19,μg/m3
陽明,2019-10-03,29,μg/m3
花蓮,2019-10-03,13,μg/m3
臺東,2019-10-03,15,μg/m3
恆春,2019-10-03,23,μg/m3
屏東,2019-10-03,31,μg/m3
前金,2019-10-03,33,μg/m3
美濃,2019-10-03,30,μg/m3
臺南,2019-10-03,34,μg/m3
新營,2019-10-03,36,μg/m3
嘉義,2019-10-03,34,μg/m3
朴子,2019-10-03,38,μg/m3
斗六,2019-10-03,39,μg/m3
南投,2019-10-03,37,μg/m3
彰化,2019-10-03,57,μg/m3
忠明,2019-10-03,51,μg/m3
豐原,2019-10-03,43,μg/m3
三義,2019-10-03,43,μg/m3
苗栗,2019-10-03,46,μg/m3
新竹,2019-10-03,38,μg/m3
竹東,2019-10-03,26,μg/m3
平鎮,2019-10-03,44,μg/m3
桃園,2019-10-03,41,μg/m3
萬華,2019-10-03,33,μg/m3
士林,2019-10-03,32,μg/m3
板橋,2019-10-03,35,μg/m3
汐止,2019-10-03,33,μg/m3
基隆,2019-10-03,33,μg/m3
馬公,2019-09-30,12,μg/m3
金門,2019-09-30,9,μg/m3
馬祖,2019-09-30,19,μg/m3
宜蘭,2019-09-30,5,μg/m3
陽明,2019-09-30,,μg/m3
花蓮,2019-09-30,4,μg/m3
臺東,2019-09-30,5,μg/m3
恆春,2019-09-30,12,μg/m3
屏東,2019-09-30,31,μg/m3
前金,2019-09-30,23,μg/m3
美濃,2019-09-30,23,μg/m3
臺南,2019-09-30,24,μg/m3
新營,2019-09-30,27,μg/m3
嘉義,2019-09-30,26,μg/m3
朴子,2019-09-30,15,μg/m3
斗六,2019-09-30,24,μg/m3
南投,2019-09-30,13,μg/m3
彰化,2019-09-30,8,μg/m3
忠明,2019-09-30,7,μg/m3
豐原,2019-09-30,6,μg/m3
三義,2019-09-30,3,μg/m3
苗栗,2019-09-30,,μg/m3
新竹,2019-09-30,5,μg/m3
竹東,2019-09-30,3,μg/m3
平鎮,2019-09-30,5,μg/m3
桃園,2019-09-30,4,μg/m3
萬華,2019-09-30,4,μg/m3
士林,2019-09-30,3,μg/m3
板橋,2019-09-30,4,μg/m3
汐止,2019-09-30,4,μg/m3
基隆,2019-09-30,6,μg/m3
馬公,2019-09-27,13,μg/m3
金門,2019-09-27,22,μg/m3
馬祖,2019-09-27,16,μg/m3
宜蘭,2019-09-27,3,μg/m3
陽明,2019-09-27,,μg/m3
花蓮,2019-09-27,5,μg/m3
臺東,2019-09-27,6,μg/m3
恆春,2019-09-27,4,μg/m3
屏東,2019-09-27,40,μg/m3
前金,2019-09-27,24,μg/m3
美濃,2019-09-27,38,μg/m3
臺南,2019-09-27,20,μg/m3
新營,2019-09-27,21,μg/m3
嘉義,2019-09-27,27,μg/m3
朴子,2019-09-27,18,μg/m3
斗六,2019-09-27,29,μg/m3
南投,2019-09-27,25,μg/m3
彰化,2019-09-27,16,μg/m3
忠明,2019-09-27,15,μg/m3
豐原,2019-09-27,16,μg/m3
三義,2019-09-27,13,μg/m3
苗栗,2019-09-27,10,μg/m3
新竹,2019-09-27,9,μg/m3
竹東,2019-09-27,6,μg/m3
平鎮,2019-09-27,7,μg/m3
桃園,2019-09-27,7,μg/m3
萬華,2019-09-27,6,μg/m3
士林,2019-09-27,4,μg/m3
板橋,2019-09-27,7,μg/m3
汐止,2019-09-27,6,μg/m3
基隆,2019-09-27,6,μg/m3
馬公,2019-09-24,12,μg/m3
金門,2019-09-24,22,μg/m3
馬祖,2019-09-24,18,μg/m3
宜蘭,2019-09-24,10,μg/m3
陽明,2019-09-24,8,μg/m3
花蓮,2019-09-24,9,μg/m3
臺東,2019-09-24,9,μg/m3
恆春,2019-09-24,9,μg/m3
屏東,2019-09-24,30,μg/m3
前金,2019-09-24,29,μg/m3
美濃,2019-09-24,23,μg/m3
臺南,2019-09-24,25,μg/m3
新營,2019-09-24,24,μg/m3
嘉義,2019-09-24,28,μg/m3
朴子,2019-09-24,20,μg/m3
斗六,2019-09-24,27,μg/m3
南投,2019-09-24,22,μg/m3
彰化,2019-09-24,15,μg/m3
忠明,2019-09-24,14,μg/m3
豐原,2019-09-24,14,μg/m3
三義,2019-09-24,11,μg/m3
苗栗,2019-09-24,12,μg/m3
新竹,2019-09-24,12,μg/m3
竹東,2019-09-24,11,μg/m3
平鎮,2019-09-24,14,μg/m3
桃園,2019-09-24,11,μg/m3
萬華,2019-09-24,11,μg/m3
士林,2019-09-24,11,μg/m3
板橋,2019-09-24,12,μg/m3
汐止,2019-09-24,11,μg/m3
基隆,2019-09-24,10,μg/m3
馬公,2019-09-21,14,μg/m3
金門,2019-09-21,18,μg/m3
馬祖,2019-09-21,13,μg/m3
宜蘭,2019-09-21,4,μg/m3
陽明,2019-09-21,,μg/m3
花蓮,2019-09-21,11,μg/m3
臺東,2019-09-21,14,μg/m3
恆春,2019-09-21,17,μg/m3
